idx,part_name,mass_g,material_group,volume_mm3,cg_x_mm,cg_y_mm,cg_z_mm,bbox_x_mm,bbox_y_mm,bbox_z_mm,n_triangles,Ixx_per_kgm3,Iyy_per_kgm3,Izz_per_kgm3,Ixy_per_kgm3,Iyz_per_kgm3,Izx_per_kgm3
0,,,,220351.7,-5.39,-19.35,129.55,161.1,154.6,616.0,12858,1.966550616172711e-06,1.9193112015090675e-06,5.804463035090669e-07,-1.5059498098849614e-09,2.0960925811631032e-07,-2.177010204350368e-09
1,,,,101144.9,-5.22,-18.22,204.66,135.0,135.0,90.0,3362,2.7228496017959893e-07,2.6036916475871354e-07,3.698106659528114e-07,5.84139184822035e-14,1.3063297972272785e-14,1.2518571663581718e-12
2,,,,76384.7,-5.22,-18.21,380.84,16.0,126.7,150.0,3948,3.029864504854224e-07,1.6971814654288466e-07,1.3536048116151686e-07,1.2226527782913717e-14,-6.885582232542194e-14,-1.0766336795212987e-13
3,Outer + Inner Gimbal (merged in mesh),58.75,pla_print,51055.8,-7.26,-20.42,82.76,53.4,54.2,84.9,3306,3.4614238911350526e-08,3.415802410176102e-08,1.9092297613555633e-08,-3.2980183965905866e-10,-2.2622648633609256e-09,-2.2486363345275154e-09
4,Carbon Pipe Leg,16.67,carbon_pipe_leg,15764.8,97.93,68.34,-5.82,110.9,96.0,138.6,698,3.058113988848617e-08,3.4242881564709325e-08,2.1868451425301744e-08,-1.0383380364675619e-08,1.3554539568372127e-08,1.6153672316539632e-08
5,Carbon Pipe Leg,16.67,carbon_pipe_leg,15764.8,-131.75,27.84,-5.82,131.5,59.0,138.6,698,2.433517583489887e-08,4.048885109247196e-08,2.1868454154870138e-08,6.777270861667587e-09,7.212220405092403e-09,-1.9815414204943773e-08
6,Carbon Pipe Leg,16.67,carbon_pipe_leg,15764.8,18.16,-150.82,-5.82,37.9,136.8,138.6,698,4.231971284537291e-08,2.2504302541237167e-08,2.1868448497693655e-08,3.6061095839417256e-09,-2.076675815930455e-08,3.661739590461684e-09
7,,,,14155.7,-17.82,-18.05,86.27,71.0,58.9,59.9,1160,7.157428763517403e-09,1.0685008641696867e-08,1.0588132462665987e-08,4.522925919568418e-11,3.7351122727122854e-10,-2.956203726476186e-09
8,Body Pipe,20.0,carbon_pipe_body,13976.2,-5.22,31.78,400.64,10.0,10.0,500.0,2064,2.9131302929564664e-07,2.9131302930642175e-07,2.8325841015555386e-10,-2.481541837659083e-24,-2.3822801641527197e-22,1.9852334701272664e-23
9,,,,10332.6,-39.85,-26.92,68.78,13.0,33.1,37.9,492,1.3813257825622193e-09,8.698001410179523e-10,7.984566051815883e-10,4.208426950151338e-18,7.660662314036932e-12,-4.482994665237289e-18
10,,,,10332.6,-16.82,23.78,99.23,31.8,13.0,38.0,492,8.663066685954572e-10,1.3813256575609983e-09,8.019499386257435e-10,-2.3939103235652153e-18,2.093607365261514e-18,1.71963604770448e-11
11,Foot,6.67,pla_print,7241.5,29.45,-214.93,-70.73,25.7,38.1,33.3,3040,8.43091869986199e-10,6.537454606412662e-10,7.169472108011594e-10,3.628685026619077e-11,-2.16580169209965e-10,3.068780456085071e-11
12,Foot,6.67,pla_print,7241.5,147.79,110.19,-70.73,35.3,33.2,33.0,3040,7.299189350891434e-10,7.666696127283476e-10,7.171960316278284e-10,-9.943299604026869e-11,1.4506071784453257e-10,1.6391780876781434e-10
13,Foot,6.67,pla_print,7241.5,-192.92,50.1,-70.73,37.5,28.4,32.6,3040,6.709774937736504e-10,8.253106852133795e-10,7.174958268200227e-10,6.504872495085255e-11,7.239637358453263e-11,-2.066838826509454e-10
14,,,,6746.3,-24.06,-36.98,-35.66,162.8,128.7,13.5,23346,6.219341166904752e-09,1.245039807568086e-08,1.857364143546081e-08,8.62063139225255e-09,-3.591087029959357e-10,5.456326969332559e-10
15,,,,6740.5,-21.4,-34.35,-16.93,29.6,202.4,31.2,23342,1.8337053695428063e-08,6.953751529641974e-10,1.8152160694156686e-08,-1.5359735173587362e-09,2.730274041893537e-09,2.49101245194521e-10
16,,,,4847.9,-19.6,-32.57,-4.25,33.2,33.2,48.0,2688,7.376434414943334e-10,7.376092626707595e-10,8.296187798415707e-10,1.8112302519243863e-12,1.3200656926592401e-11,1.3330587316858206e-11
17,,,,4245.3,-16.08,-30.25,16.47,36.8,37.2,43.2,3254,8.383641487985905e-10,8.309567833889694e-10,8.643680578910234e-10,-7.592261544579994e-13,-8.865582034871285e-12,1.7546622769059318e-11
18,,,,4119.6,-15.79,-28.79,22.65,33.3,33.2,24.2,308,5.423653846756113e-10,5.422518015757201e-10,8.276636917881133e-10,5.8074850689809366e-12,4.092026850569126e-11,4.1322418877498584e-11
19,,,,1427.7,-14.18,-27.2,33.96,25.6,25.7,9.1,392,5.210990450019372e-11,5.20923937183191e-11,9.608073214259444e-11,8.950597618553055e-13,6.306726151074082e-12,6.3687051414481644e-12
20,,,,1296.0,-23.01,-35.95,-28.28,27.8,27.9,10.6,716,6.403368944459034e-11,6.402964230566637e-11,1.1554894050732033e-10,1.055413364224635e-12,7.388822782626304e-12,7.452482329234307e-12
21,,,,1092.2,-26.34,-38.3,-39.92,26.9,25.8,21.6,3556,7.42721445007712e-11,1.0427713225677795e-10,1.1720184157870253e-10,3.811220231234893e-12,1.4172405359827315e-12,5.700117182442103e-12
22,,,,995.3,-21.65,-34.59,-18.66,28.7,29.7,15.4,1934,1.0637697952902134e-10,7.235842634903796e-11,1.538099812150597e-10,-8.255995939603428e-12,1.3036174080293352e-11,8.32130693818049e-12
23,,,,483.3,-34.82,25.26,111.41,5.0,11.8,27.5,892,2.884384102202044e-11,2.5456800333104647e-11,4.457276769643591e-12,2.3452246702386844e-13,-4.7707475270182474e-12,1.0830853824868175e-12
24,,,,483.3,-42.1,-44.72,70.05,14.1,8.6,27.0,892,2.408249599893312e-11,2.8109018432072218e-11,6.566369722240164e-12,-1.335975220964009e-12,-4.179653807307397e-12,-6.9335470573366005e-12
25,,,,398.9,-23.8,-36.72,-33.8,9.6,9.6,23.8,592,2.1289683264248006e-11,2.1297049189737438e-11,2.7892273265500427e-12,-3.765923775388801e-13,-2.6535162939010706e-12,-2.679593380910987e-12
26,,,,391.0,-32.85,-15.53,115.27,4.0,8.5,23.5,128,1.93038802126966e-11,1.8478591120238345e-11,1.868084373058154e-12,-1.809457589959748e-25,-2.381492899293137e-12,2.0679515313825692e-24
27,,,,149.3,-28.94,-48.75,60.63,44.0,6.0,2.6,572,3.1170688917589893e-13,2.58267855303293e-11,2.6057594976038257e-11,1.3546911703093027e-12,1.8296208548377538e-14,8.781864962129583e-14
28,,,,149.3,-36.4,10.95,121.71,6.0,44.0,2.7,572,2.5826200400622673e-11,3.1549619308431433e-13,2.60543651766597e-11,-1.3291863385055182e-12,4.1647719140539215e-13,2.1501773219250256e-14
29,,,,44.7,-10.92,-48.39,60.38,4.0,11.3,4.8,660,4.997037315046778e-13,1.0563660830454438e-13,4.83472122549083e-13,-1.2805957174752494e-17,5.417130973935691e-14,-9.13400938556551e-17
30,,,,44.7,-36.02,-14.57,122.12,11.0,4.0,4.0,660,9.802313439080076e-14,4.997021979599214e-13,4.910865929234797e-13,7.165726706053364e-21,-1.3942299532022118e-16,-8.821917422029839e-20
